ticker,earnings_date
AAPL,2024-11-01
AAPL,2024-08-01
AAPL,2024-05-02
AAPL,2024-02-01
AAPL,2023-11-02
AAPL,2023-08-03
AAPL,2023-05-04
AAPL,2023-02-02
AAPL,2022-10-27
AAPL,2022-07-28
AAPL,2022-04-28
AAPL,2022-01-27
NVDA,2024-11-20
NVDA,2024-08-28
NVDA,2024-05-22
NVDA,2024-02-21
NVDA,2023-11-21
NVDA,2023-08-23
NVDA,2023-05-24
NVDA,2023-02-22
NVDA,2022-11-16
NVDA,2022-08-24
NVDA,2022-05-25
NVDA,2022-02-16
GOOGL,2024-10-29
GOOGL,2024-07-23
GOOGL,2024-04-25
GOOGL,2024-01-30
GOOGL,2023-10-24
GOOGL,2023-07-25
GOOGL,2023-04-25
GOOGL,2023-02-02
GOOGL,2022-10-25
GOOGL,2022-07-26
GOOGL,2022-04-26
GOOGL,2022-02-01
AMZN,2024-10-31
AMZN,2024-08-01
AMZN,2024-04-30
AMZN,2024-02-01
AMZN,2023-10-26
AMZN,2023-08-03
AMZN,2023-04-27
AMZN,2023-02-02
AMZN,2022-10-27
AMZN,2022-07-28
AMZN,2022-04-28
AMZN,2022-02-03
JPM,2024-10-11
JPM,2024-07-12
JPM,2024-04-12
JPM,2024-01-12
JPM,2023-10-13
JPM,2023-07-14
JPM,2023-04-14
JPM,2023-01-13
JPM,2022-10-14
JPM,2022-07-14
JPM,2022-04-13
JPM,2022-01-14